title,price,currency,image_url,url,url_tracked,keyword,seller_feedback,top_rated,source,inserted_at,signals_text
30W Wireless Phone Charger Pad Dock Fast Charge for Samsung iPhone LG Universal,13.99,USD,https://i.ebayimg.com/images/g/QA4AAOSwhh1lvX81/s-l225.jpg,https://www.ebay.com/itm/225861966477?_skw=wireless+charger&hash=item34966c1a8d%3Ag%3AQA4AAOSwhh1lvX81&amdata=enc%3AAQAKAAAA8PeG5RIuIyokJHJy903%2F5UZ%2Fx2M5Jrn5OAGPpjGJpUNwkjR%2BTKP%2FV4UxGM%2BfV%2B26wmCYJz6UlfEj2bjyIbA4mFlb1l2vQIFimm2VuSN6vPvqlHRCBShgkSqgBHZrSTirO2h%2FyhCazL%2FhJiTAmlerwEVjCZU6tzNHbF%2BU0CVQPxcVVgNwZMQOGVqQ%2FNGFdMVRz9UKUvozRZRpRQZ7y3vy1jsmF6nthCrhNZvzdcZgo%2BnaAdkBBuV%2B6cfu6qZH3Bhysn%2B6sl1XCm3GxVVB743KeRZ3tRHf2h1ykxa9BYaF0bW4MZmykFsRGiOyYC%2BVTXczEw%3D%3D&mkcid=1&mkrid=711-53200-19255-0&mkevt=1&campid=5339121799&customid=wireless_charger&toolid=10001,https://www.ebay.com/itm/225861966477?_skw=wireless+charger&hash=item34966c1a8d%3Ag%3AQA4AAOSwhh1lvX81&amdata=enc%3AAQAKAAAA8PeG5RIuIyokJHJy903%2F5UZ%2Fx2M5Jrn5OAGPpjGJpUNwkjR%2BTKP%2FV4UxGM%2BfV%2B26wmCYJz6UlfEj2bjyIbA4mFlb1l2vQIFimm2VuSN6vPvqlHRCBShgkSqgBHZrSTirO2h%2FyhCazL%2FhJiTAmlerwEVjCZU6tzNHbF%2BU0CVQPxcVVgNwZMQOGVqQ%2FNGFdMVRz9UKUvozRZRpRQZ7y3vy1jsmF6nthCrhNZvzdcZgo%2BnaAdkBBuV%2B6cfu6qZH3Bhysn%2B6sl1XCm3GxVVB743KeRZ3tRHf2h1ykxa9BYaF0bW4MZmykFsRGiOyYC%2BVTXczEw%3D%3D&mkcid=1&mkrid=711-53200-19255-0&mkevt=1&campid=5339121799&customid=DAILY&toolid=10001,wireless charger,289747,False,ebay,2025-09-16T03:22:06.966349+00:00,
2 PACK Magnetic Wireless Charger Pad For Magsafe iPhone 16 15 14 13 12 Pro Max,11.74,USD,https://i.ebayimg.com/images/g/98gAAOSwXvJn9ZeJ/s-l225.jpg,https://www.ebay.com/itm/205404904768?_skw=wireless+charger&hash=item2fd3161d40%3Ag%3A98gAAOSwXvJn9ZeJ&amdata=enc%3AAQAKAAAA8PeG5RIuIyokJHJy903%2F5UbpGw5eit%2FMlQhM1rxA57LkwS0SOMISPcgSO%2Fr9Udto2h0bBXa3ykr%2FN0ccZiok3CPqro8CntsEoXw1lqbFQ0jQ1cK1fVIaOCjjFGPVbiXWQySpaM5khcBmLnMUO42tVgz7YcVk7uzKhRUJdH17XFJmaqLoCBr1VU8okPvBYlj7MsfMuf8LueWA8TFLzxsxuzNjcSrdNzC7UHq--CQxQ9HG5ynY%2BJhLDMM4FhDb5s8BcLjvBY4%2FpQb48nJn3jxiPVwynAqBQInkuGiPXKOkMQPjekH6l5XYAv6myF7yvHylmw%3D%3D&mkcid=1&mkrid=711-53200-19255-0&mkevt=1&campid=5339121799&customid=wireless_charger&toolid=10001,https://www.ebay.com/itm/205404904768?_skw=wireless+charger&hash=item2fd3161d40%3Ag%3A98gAAOSwXvJn9ZeJ&amdata=enc%3AAQAKAAAA8PeG5RIuIyokJHJy903%2F5UbpGw5eit%2FMlQhM1rxA57LkwS0SOMISPcgSO%2Fr9Udto2h0bBXa3ykr%2FN0ccZiok3CPqro8CntsEoXw1lqbFQ0jQ1cK1fVIaOCjjFGPVbiXWQySpaM5khcBmLnMUO42tVgz7YcVk7uzKhRUJdH17XFJmaqLoCBr1VU8okPvBYlj7MsfMuf8LueWA8TFLzxsxuzNjcSrdNzC7UHq--CQxQ9HG5ynY%2BJhLDMM4FhDb5s8BcLjvBY4%2FpQb48nJn3jxiPVwynAqBQInkuGiPXKOkMQPjekH6l5XYAv6myF7yvHylmw%3D%3D&mkcid=1&mkrid=711-53200-19255-0&mkevt=1&campid=5339121799&customid=DAILY&toolid=10001,wireless charger,238024,False,ebay,2025-09-16T03:22:06.966349+00:00,
Govee H61E6 COB Strip Light Pro WiFi Enabled RGBICW Smart LED New Open Box ,63.6,USD,https://i.ebayimg.com/images/g/FZwAAeSwRmpoRwOk/s-l225.jpg,https://www.ebay.com/itm/396723151813?_skw=smart+light+strip&hash=item5c5e8ae3c5%3Ag%3AFZwAAeSwRmpoRwOk&amdata=enc%3AAQAKAAAA8PeG5RIuIyokJHJy903%2F5UZc2hq1052UdWzFY2Z0U2iiX9wpxjOCanRFZyCHngYxLAV7N11QYKw9TdDfJ5veh3qWjsFnro8EQFaFJ%2FHQpiVUPQN1q6x6%2Bt9bA4KEcENXZvL7fG48z0%2BdnN4AUOnItnxJAZ1YuomB3xkwmOM6hI6htqtQk%2FbPu%2Fiim%2BcVeyxlhzI7QVE3Mqx7KcJB2c%2BCDb3WdbQQUYyMS%2B5Iw0td6m6VKvb8TTLsegtFVlsYcJDniJVNloPzN5YOgW4k%2FpGeNaHPMA9wx9DybA%2FrtGcG317s6PDAadgKEntcSa9Dl3GfPg%3D%3D&mkcid=1&mkrid=711-53200-19255-0&mkevt=1&campid=5339121799&customid=smart_light_strip&toolid=10001,https://www.ebay.com/itm/396723151813?_skw=smart+light+strip&hash=item5c5e8ae3c5%3Ag%3AFZwAAeSwRmpoRwOk&amdata=enc%3AAQAKAAAA8PeG5RIuIyokJHJy903%2F5UZc2hq1052UdWzFY2Z0U2iiX9wpxjOCanRFZyCHngYxLAV7N11QYKw9TdDfJ5veh3qWjsFnro8EQFaFJ%2FHQpiVUPQN1q6x6%2Bt9bA4KEcENXZvL7fG48z0%2BdnN4AUOnItnxJAZ1YuomB3xkwmOM6hI6htqtQk%2FbPu%2Fiim%2BcVeyxlhzI7QVE3Mqx7KcJB2c%2BCDb3WdbQQUYyMS%2B5Iw0td6m6VKvb8TTLsegtFVlsYcJDniJVNloPzN5YOgW4k%2FpGeNaHPMA9wx9DybA%2FrtGcG317s6PDAadgKEntcSa9Dl3GfPg%3D%3D&mkcid=1&mkrid=711-53200-19255-0&mkevt=1&campid=5339121799&customid=DAILY&toolid=10001,smart light strip,201697,False,ebay,2025-09-15T22:02:07.481419+00:00,
Wireless Fast Charger Charging Pad Dock for Samsung iPhone Android Cell Phone,5.88,USD,https://i.ebayimg.com/images/g/DOoAAOSwIaNl92Yd/s-l225.jpg,https://www.ebay.com/itm/203449767098?_skw=wireless+charger&hash=item2f5e8d14ba%3Ag%3ADOoAAOSwIaNl92Yd&amdata=enc%3AAQAKAAAA8PeG5RIuIyokJHJy903%2F5UZq%2BNIJQ%2BTPTo6iyM%2Bt5L4BH4%2BFFmnxYsy%2FZ5GTwhaalRIkMiPKjqZdEXEuLKktuecUaRLXgYoL0TDQcp86Q3luVd42qqqyEBixn%2BF7ArfjPACtJufdC%2Bw6n38HxXGdRFuY0VPZJYu%2BMxcKDrPiIYf%2FoVDcAE53rm5elClORKFs5EWN4qmEUgrb%2BhR%2FVp7Blp9D09K20%2F%2Bcy1VuYfxYFjim%2FCgOUJuejsV%2Fwau3dFeLuvrDrRyBXnjPtqFDuJ2lU3ZQqy4CW4Zy7dM80I%2BIO8yTY0SMAHVIjcznl5vCRzF36A%3D%3D&mkcid=1&mkrid=711-53200-19255-0&mkevt=1&campid=5339121799&customid=wireless_charger&toolid=10001,https://www.ebay.com/itm/203449767098?_skw=wireless+charger&hash=item2f5e8d14ba%3Ag%3ADOoAAOSwIaNl92Yd&amdata=enc%3AAQAKAAAA8PeG5RIuIyokJHJy903%2F5UZq%2BNIJQ%2BTPTo6iyM%2Bt5L4BH4%2BFFmnxYsy%2FZ5GTwhaalRIkMiPKjqZdEXEuLKktuecUaRLXgYoL0TDQcp86Q3luVd42qqqyEBixn%2BF7ArfjPACtJufdC%2Bw6n38HxXGdRFuY0VPZJYu%2BMxcKDrPiIYf%2FoVDcAE53rm5elClORKFs5EWN4qmEUgrb%2BhR%2FVp7Blp9D09K20%2F%2Bcy1VuYfxYFjim%2FCgOUJuejsV%2Fwau3dFeLuvrDrRyBXnjPtqFDuJ2lU3ZQqy4CW4Zy7dM80I%2BIO8yTY0SMAHVIjcznl5vCRzF36A%3D%3D&mkcid=1&mkrid=711-53200-19255-0&mkevt=1&campid=5339121799&customid=DAILY&toolid=10001,wireless charger,179247,False,ebay,2025-09-16T03:22:06.966349+00:00,
"Led Desk Lamp with Clamp, 24W Desk Lamps for Home Office with Touch Function",39.99,USD,https://i.ebayimg.com/images/g/VZcAAeSwRYdoi7Ji/s-l225.jpg,https://www.ebay.com/itm/226635020255?_skw=desk+lamp&hash=item34c47ff7df%3Ag%3AVZcAAeSwRYdoi7Ji&amdata=enc%3AAQAKAAAA4PeG5RIuIyokJHJy903%2F5UaFXdCgm6BIgTaPXzAb%2FAEpuA1zrRrrMEjm0xcXdPy8c5G5rW3nRtQZYuD%2FL%2BIcJa%2FfF2MoMbXPb6zphtiskssH9Md2zb%2Fpb4vjKngJuory4R1z7kf%2F1mLZMk0s1iRtTWR%2BVhHoXQ06bPKIe6zHzxrC7BT8D2v0BEE%2Bd2Lz%2BzrCf%2BvMmoOM3WWxZqddn6004QfXPaFxW4uQ5065cmgMzssUewCGzzsOj49WDqMm8xIQF6HNK51dctpebzVIQIcIFYHHorfJVTvaZIgD10V73bUQ&mkcid=1&mkrid=711-53200-19255-0&mkevt=1&campid=5339121799&customid=desk_lamp&toolid=10001,https://www.ebay.com/itm/226635020255?_skw=desk+lamp&hash=item34c47ff7df%3Ag%3AVZcAAeSwRYdoi7Ji&amdata=enc%3AAQAKAAAA4PeG5RIuIyokJHJy903%2F5UaFXdCgm6BIgTaPXzAb%2FAEpuA1zrRrrMEjm0xcXdPy8c5G5rW3nRtQZYuD%2FL%2BIcJa%2FfF2MoMbXPb6zphtiskssH9Md2zb%2Fpb4vjKngJuory4R1z7kf%2F1mLZMk0s1iRtTWR%2BVhHoXQ06bPKIe6zHzxrC7BT8D2v0BEE%2Bd2Lz%2BzrCf%2BvMmoOM3WWxZqddn6004QfXPaFxW4uQ5065cmgMzssUewCGzzsOj49WDqMm8xIQF6HNK51dctpebzVIQIcIFYHHorfJVTvaZIgD10V73bUQ&mkcid=1&mkrid=711-53200-19255-0&mkevt=1&campid=5339121799&customid=DAILY&toolid=10001,desk lamp,94666,False,ebay,2025-09-15T23:02:07.646098+00:00,
eufy Permanent Outdoor Light E22 100ft Smart Light Strip App Control IP67|Refurb,95.99,USD,https://i.ebayimg.com/images/g/5Y8AAOSw6oBnrBYm/s-l225.jpg,https://www.ebay.com/itm/384708438760?_skw=smart+light+strip&hash=item599268eae8%3Ag%3A5Y8AAOSw6oBnrBYm&amdata=enc%3AAQAKAAAA8PeG5RIuIyokJHJy903%2F5UY8yA9rW4Ql%2BJ7xrC%2BJ0biHokSpkevaKXP4LYB9SHYUGVDWXWVh4xYOftqCLIfJ899EUREVpXwDPqPyKzpGOK38oYPByyvtXKjSRZpoBK6HAzx%2BHfkLNIcgFbxef3lV8HI3VaOa3ymomYqYjAtWABTTx%2FZF1zVLUtTM%2BM3H%2FO4XLMGbdELRWtiAaV%2B5tP1AUVdXdZBuCSs4kTZDIIMhSXUPL9GU84VUNWCfNdHY3Fg8emV4rB%2FiRfMkjVS01Lk85hACUB9iSFnd9e3KwQJgOZvJtGhX6p94Bs%2BL7a4O1EC1Cw%3D%3D&mkcid=1&mkrid=711-53200-19255-0&mkevt=1&campid=5339121799&customid=smart_light_strip&toolid=10001,https://www.ebay.com/itm/384708438760?_skw=smart+light+strip&hash=item599268eae8%3Ag%3A5Y8AAOSw6oBnrBYm&amdata=enc%3AAQAKAAAA8PeG5RIuIyokJHJy903%2F5UY8yA9rW4Ql%2BJ7xrC%2BJ0biHokSpkevaKXP4LYB9SHYUGVDWXWVh4xYOftqCLIfJ899EUREVpXwDPqPyKzpGOK38oYPByyvtXKjSRZpoBK6HAzx%2BHfkLNIcgFbxef3lV8HI3VaOa3ymomYqYjAtWABTTx%2FZF1zVLUtTM%2BM3H%2FO4XLMGbdELRWtiAaV%2B5tP1AUVdXdZBuCSs4kTZDIIMhSXUPL9GU84VUNWCfNdHY3Fg8emV4rB%2FiRfMkjVS01Lk85hACUB9iSFnd9e3KwQJgOZvJtGhX6p94Bs%2BL7a4O1EC1Cw%3D%3D&mkcid=1&mkrid=711-53200-19255-0&mkevt=1&campid=5339121799&customid=DAILY&toolid=10001,smart light strip,54767,False,ebay,2025-09-15T22:02:07.481419+00:00,
Bissell AirRam Cordless Lightweight Multi-Surface Vacuum Cleaner | 1984,185.99,USD,https://i.ebayimg.com/images/g/ZRoAAOSwmpFhL-gd/s-l225.jpg,https://www.ebay.com/itm/324274218762?_skw=cordless+vacuum&hash=item4b803fe70a%3Ag%3AZRoAAOSwmpFhL-gd&amdata=enc%3AAQAKAAAA8PeG5RIuIyokJHJy903%2F5UaabINDh8kAM6wN8ROds2YYojqzAyBPbWzwXrxzplOreJW9m%2FpfCUauGVsu%2BMkv%2BgVIvGq44pPr2%2Ffe3uAob4uDsWKyOw1XXtWDfdz5mLRwiNoLNK5XiWdlE1rrlw1iyBXuj%2Fun%2FkgMy4pormmC1OrJHLoHAIkonwuYwAuI%2B6bg7%2F7411s8vbyjMdIoZ6DkUXK%2FydewOSSDekbZCR7pG0DwYLP8srfUqyJc%2FmLtrGr68FBqLYaH8sl9GVZoaxyp7tD%2B6QABPuv0udIXRKW4kOOmyTxeEomjxuY7aYXjE2r7sA%3D%3D&mkcid=1&mkrid=711-53200-19255-0&mkevt=1&campid=5339121799&customid=cordless_vacuum&toolid=10001,https://www.ebay.com/itm/324274218762?_skw=cordless+vacuum&hash=item4b803fe70a%3Ag%3AZRoAAOSwmpFhL-gd&amdata=enc%3AAQAKAAAA8PeG5RIuIyokJHJy903%2F5UaabINDh8kAM6wN8ROds2YYojqzAyBPbWzwXrxzplOreJW9m%2FpfCUauGVsu%2BMkv%2BgVIvGq44pPr2%2Ffe3uAob4uDsWKyOw1XXtWDfdz5mLRwiNoLNK5XiWdlE1rrlw1iyBXuj%2Fun%2FkgMy4pormmC1OrJHLoHAIkonwuYwAuI%2B6bg7%2F7411s8vbyjMdIoZ6DkUXK%2FydewOSSDekbZCR7pG0DwYLP8srfUqyJc%2FmLtrGr68FBqLYaH8sl9GVZoaxyp7tD%2B6QABPuv0udIXRKW4kOOmyTxeEomjxuY7aYXjE2r7sA%3D%3D&mkcid=1&mkrid=711-53200-19255-0&mkevt=1&campid=5339121799&customid=DAILY&toolid=10001,cordless vacuum,54243,False,ebay,2025-09-16T04:02:19.564357+00:00,
Dimmable LED Desk Light Touch Sensor Table Bedside Reading Lamp USB Rechargeable,12.0,USD,https://i.ebayimg.com/images/g/HOsAAOSw~epkfako/s-l225.jpg,https://www.ebay.com/itm/404320289408?_skw=desk+lamp&hash=item5e235e0280%3Ag%3AHOsAAOSw~epkfako&amdata=enc%3AAQAKAAAA4PeG5RIuIyokJHJy903%2F5UZZROeqtw62FNjtXNl%2BCaGPYDQMFx0Apozw%2FTihtkQ8pvO6oJVGJRJxZ7PU7NZiREbKatXxW%2Br5G0R4THbgL%2Fb5eoxGYLKTEF78wXH%2F8V7dNONzsKaBbfAwA1IPMkU7Xv%2FwsowonXgXeBa3NuFNbfgTWpbcGFaadFjMjLAm1RTxyvnnNHmHvupmmG%2Fx804L21jXfUkKzxrtO2ZSd6LQqfDFgN6SdrI5k1aNgLjUJgFt%2BQWPCcxa8LRIqFh4gEKP4mPDtzOP33XnZNR7bvk78lSi&mkcid=1&mkrid=711-53200-19255-0&mkevt=1&campid=5339121799&customid=desk_lamp&toolid=10001,https://www.ebay.com/itm/404320289408?_skw=desk+lamp&hash=item5e235e0280%3Ag%3AHOsAAOSw~epkfako&amdata=enc%3AAQAKAAAA4PeG5RIuIyokJHJy903%2F5UZZROeqtw62FNjtXNl%2BCaGPYDQMFx0Apozw%2FTihtkQ8pvO6oJVGJRJxZ7PU7NZiREbKatXxW%2Br5G0R4THbgL%2Fb5eoxGYLKTEF78wXH%2F8V7dNONzsKaBbfAwA1IPMkU7Xv%2FwsowonXgXeBa3NuFNbfgTWpbcGFaadFjMjLAm1RTxyvnnNHmHvupmmG%2Fx804L21jXfUkKzxrtO2ZSd6LQqfDFgN6SdrI5k1aNgLjUJgFt%2BQWPCcxa8LRIqFh4gEKP4mPDtzOP33XnZNR7bvk78lSi&mkcid=1&mkrid=711-53200-19255-0&mkevt=1&campid=5339121799&customid=DAILY&toolid=10001,desk lamp,16855,False,ebay,2025-09-15T23:02:07.646098+00:00,
"LED Desk Lamp, Eye-Caring Table Lamps, Natural Light Protects Eyes, 5 Modes",18.98,USD,https://i.ebayimg.com/images/g/wM0AAOSwPmhiKtHh/s-l225.jpg,https://www.ebay.com/itm/353955187503?_skw=desk+lamp&hash=item52695f8b2f%3Ag%3AwM0AAOSwPmhiKtHh&amdata=enc%3AAQAKAAAA4PeG5RIuIyokJHJy903%2F5UYQ00nYS0SFcR2%2FJazg9z12L%2B2Ry3w4fOJxu8LkkiEPTV%2ByOC5X27XDRMZgofLLdtJqwAZ%2F96qocnt4HK02lP9ZKyHRrFwJ61YUnO2L0pmVoNon2sqRTjW9kp0XicABuRHnhNq7PElTte4KU68JJOOOQ4WKVCStaXVXIcRY2288SLvAXAo0yPKaQjY5nnmDJfbVGrtRnlgt4udMHRwMNcn5mjlqb8PeVjF6n0g%2FIHvfoIa46sHEwvMrDzw4gnFmtjO%2FuqMZqYU3W%2Bjl5rGt22sA&mkcid=1&mkrid=711-53200-19255-0&mkevt=1&campid=5339121799&customid=desk_lamp&toolid=10001,https://www.ebay.com/itm/353955187503?_skw=desk+lamp&hash=item52695f8b2f%3Ag%3AwM0AAOSwPmhiKtHh&amdata=enc%3AAQAKAAAA4PeG5RIuIyokJHJy903%2F5UYQ00nYS0SFcR2%2FJazg9z12L%2B2Ry3w4fOJxu8LkkiEPTV%2ByOC5X27XDRMZgofLLdtJqwAZ%2F96qocnt4HK02lP9ZKyHRrFwJ61YUnO2L0pmVoNon2sqRTjW9kp0XicABuRHnhNq7PElTte4KU68JJOOOQ4WKVCStaXVXIcRY2288SLvAXAo0yPKaQjY5nnmDJfbVGrtRnlgt4udMHRwMNcn5mjlqb8PeVjF6n0g%2FIHvfoIa46sHEwvMrDzw4gnFmtjO%2FuqMZqYU3W%2Bjl5rGt22sA&mkcid=1&mkrid=711-53200-19255-0&mkevt=1&campid=5339121799&customid=DAILY&toolid=10001,desk lamp,12650,False,ebay,2025-09-15T23:02:07.646098+00:00,
"ePro Select Cordless Vacuum with Removable Battery, 6pc Tool Set, Teal/Copper ðŸ”·",76.49,USD,https://i.ebayimg.com/images/g/ArcAAOSwSmRn5ZA0/s-l225.jpg,https://www.ebay.com/itm/396369455280?_skw=cordless+vacuum&hash=item5c4975e8b0%3Ag%3AArcAAOSwSmRn5ZA0&amdata=enc%3AAQAKAAAA8PeG5RIuIyokJHJy903%2F5UZVNs21sNCQ4%2BO33u%2BBABTwdAbRR0Dw7Ydg656l6%2Bop31y5C%2Bm0NGGjXhqEIqoriKBhn001XwvmA52kcp7sga7Pcath96cRzu1tLs7yrXTZ%2FRkwKTrd93a7A0jScjQ0vrCttT9eyIRfXYg62q%2F3XlihtNhh5xnWOBVqafvURkV0%2BFeCd3gmNkXp7aFfTvsZCvC9OrFxaMxRLYqRONNfAWhJw0mZj57C5RlQ1MJAIMg0mN7TBnXWE5I%2Bdt0bL1kM1%2FvSK2FleQZWoW9UOja%2BNtGpVF07ll1q%2FFcD6%2By1MC7wSw%3D%3D&mkcid=1&mkrid=711-53200-19255-0&mkevt=1&campid=5339121799&customid=cordless_vacuum&toolid=10001,https://www.ebay.com/itm/396369455280?_skw=cordless+vacuum&hash=item5c4975e8b0%3Ag%3AArcAAOSwSmRn5ZA0&amdata=enc%3AAQAKAAAA8PeG5RIuIyokJHJy903%2F5UZVNs21sNCQ4%2BO33u%2BBABTwdAbRR0Dw7Ydg656l6%2Bop31y5C%2Bm0NGGjXhqEIqoriKBhn001XwvmA52kcp7sga7Pcath96cRzu1tLs7yrXTZ%2FRkwKTrd93a7A0jScjQ0vrCttT9eyIRfXYg62q%2F3XlihtNhh5xnWOBVqafvURkV0%2BFeCd3gmNkXp7aFfTvsZCvC9OrFxaMxRLYqRONNfAWhJw0mZj57C5RlQ1MJAIMg0mN7TBnXWE5I%2Bdt0bL1kM1%2FvSK2FleQZWoW9UOja%2BNtGpVF07ll1q%2FFcD6%2By1MC7wSw%3D%3D&mkcid=1&mkrid=711-53200-19255-0&mkevt=1&campid=5339121799&customid=DAILY&toolid=10001,cordless vacuum,6602,False,ebay,2025-09-16T04:02:19.564357+00:00,
